Nombre : José Manuel Bautista Vázquez,,,,,
Nombre del Algoritmo,1_000,10_000,100_000,1_000_000,10_000_000
Burbuja,0.041183233,5.042519808,No,No,No
Inserción,0,0,No,No,No
Selección,0.020169735,1.390778065,No,No,No
Gnome,0,0,No,No,No
Heap,0.004153728,0.030031919,0.317754745,4.028534651,52.09395242
Quicksort,0,0.004077435,0.041386127,0.59861064,5.555492163
