Su nombre,,,,,,
Nombre del Algoritmo,1_000,10_000,100_000,1_000_000,10_000_000,
Burbuja,15.080121994018555,15.080121,No,No,No,
Inserción,0.000274658203125,0.000274,0.03595256805419922,0.22175335884094238,1.8426496982574463,
Selección,0.05510139465332031,3.793230,No,No,No,
Gnome,0.18091964721679688,17.70760,No,No,No,
Heap,0.002676,0.036733,0.492831,3.307750,36.839444,
Quicksort,0.0065267086029052734,0.082202,0.062937,0.260123,4.220592,
