Su nombre,,,,,
,Tiempo en segundos,,,,
Nombre del Algoritmo,1_000,10_000,100_000,1_000_000,10_000_000
Burbuja,0.050472498,3.892486095,No,No,No
Inserción,0.015963554,1.941250086,No,No,No
Selección,0.014545202,1.636036634,No,No,No
Gnome,0.070501566,7.886313438,No,No,No
Heap,0.002043486,0.026575327,0.386483908,6.034293652,78.59378815
Quicksort,0,0.010710716,0.147185802,2.355241776,32.23727036
