Su nombre,Diego Reyna,,,,
Nombre del Algoritmo,1_000,10_000,100_000,1_000_000,10_000_000
Burbuja,0.043367386,4.371934652,No,No,No
Inserción,0.024629116,2.059985638,No,No,No
Selección,0.016186476,1.773385286,No,No,No
Gnome,0.064287186,7.571033478,No,No,No
Heap,0.006137609,0.038113832,0.429971218,5.977533817,81.81970882
Quicksort,0,0,0.049164057,0.656797171,9.754835367
