"Su nombre,Erick Sanchez Flores,,,,"
"Nombre del Algoritmo,1_000,10_000,100_000,1_000_000,10_000_000"
"Burbuja,0.18580079078674316,15.481955528259277,No,No,No"
"Inserción,7.152557373046875e-07,9.5367431640625e-07,No,No,No"
"Selección,0.042352914810180664,0.01454,5.450768709182739,No,No,No"
"Gnome,2.384185791015625e-07,7.88,No,No,No"
"Heap,0.00243,0.0265,,,7.152557373046875e-07"
"Quicksort,0.0012812614440917969,0.013923168182373047 ,,,"
