Su nombre,Hugo Alberto Gonzalez Martinez,,,,
Nombre del Algoritmo,1_000,10_000,100_000,1_000_000,10_000_000
Burbuja,0.16243520889282227,19.108745813369751,No,No,No
Inserción,0.06538976287841797,5.651023745536804,No,No,No
Selección,0.061523804664611816,5.123015403747559,No,No,No
Gnome,0.2162787914276123,22.018712091445923,No,No,No
Heap,0.005254672050476074,0.08562147617340088,1.0891036987304688,12.24209581375122,101.154217004776
Quicksort,0.0031473636627197266,0.08819711208343506,0.64452850818634,0.569382711992995,7.07929343924128
