Su nombre,,,,,
Nombre del Algoritmo,1_000,10_000,100_000,1_000_000,10_000_000
Burbuja,0.077,9.28,No,No,No
Inserción,0.00000119,1.192,No,No,No
Selección,0.0265,2.5603,No,No,No
Gnome,7.15E-07,1.19E-06,No,No,No
Heap,0.00330424308776855,0.0379514694213867,0.488224744796753,6.06514120101929,71.7108082771301
Quicksort,0.000774860382080078,0.00577759742736816,0.0631551742553711,0.524025201797485,6.02121233940125
,,,,,
,,,,,
,,,,,
,,,,,
,,,,,
,,,,,Jesús García Sánchez
