Laura Gabriela Romero MuÒiz,,,,,
Nombre del Algoritmo,1_000,10_000,100_000,1_000_000,10_000_000
Burbuja,0.10.10938000679016113093,9.968421936,No,No,No
Inserci√≥n,0.102725,9.302537,No,No,No
Selecci√≥n,0.062836,8.063971,No,No,No
Gnome,0.109354,12.528355,No,No,No
Heap,0.01496,0.18351,1.9981,2.9782,19.782869
Quicksort,0.124967,1.24967,1.52542,2.033864,12.203364
