Su nombre,,,,,
Nombre del Algoritmo,1_000,10_000 random,100_000,1_000_000,10_000_000
Burbuja,0.059211,4.422823,No,No,No
Inserción,0.026854,1.685073,No,No,No
Selección,0.013542,1.255556,No,No,No
Gnome,0.087784,5.824661,No,No,No
Heap,0.002776,0.036821,0.493841,3.307840,36.839341
Quicksort,0.000915,0.00678,0.062937,0.260123,4.220592
