Su nombre,Irma Daniela LÛpez Toscano,,,,
,Tiempo en segundos,,,,
Nombre del Algoritmo,1_000,10_000,100_000,1_000_000,10_000_000
Burbuja,0.039951086,4.446003914,No,No,No
Inserci√≥n,0,0.009650469,No,No,No
Selecci√≥n,0.013454199,1.510810375,No,No,No
Gnome,0.053406,5.35969305,No,No,No
Heap,0.001961231,0.019769907,0.264347315,3.286307096,38.38342214
Quicksort,0.001639605,0.041302919,0.123546124,1.987232685,48.25374031
